-- CUSTOMER TABLE -- 
INSERT INTO customer (email, username, password_hash, date_joined) VALUES 
('admin@gmail.com', 'Admin', 'pbkdf2:sha256:600000$JBVSzdxWuUfrRx5D$1849f04e5b35145b1b688d25829f27fa3fb085661e1c81434a5bced28bdb7562', 2025-11-18 07:23:52.921371),
('maria.santos2@gmail.com', 'maria_santos', 'pbkdf2:sha256:600000$1t3lLoj2b8Zn9Hao$cc5d3e52817f828da6178d56b9c6e1db55343a88055dbeb5b1f2392f2657dd44', 2025-12-09 12:34:26.181149),
('robinreyes@gmail.com', 'robin_rys', 'pbkdf2:sha256:600000$IRujHmYJMXEalpeE$6da9fad1b98e220035b51db8329b4745b2cac7a6072e742e4cc991bab9a64e4f', 2025-12-09 12:35:53.270112),
('ana.garcia4@gmail.com', 'ana_g', 'pbkdf2:sha256:600000$MJd6KqQWvWEOW1dq$0539467da4fd878925b02052ef9bce9e97d38aca3c37a510e1cf66e40fa3b6d2', 2025-12-09 12:36:36.711234),
('carloslopez@gmail.com', 'Carloo', 'pbkdf2:sha256:600000$pnCZpoo5AIbfYyg3$8928ae2c14f53d767d7602ce839dae06d8ead1dbddde00b97b5d84cb633de823', 2025-12-09 12:37:32.779693),
('sofiamrtnz11@gmail.com', 'sofieee', 'pbkdf2:sha256:600000$YNsOjQ9evzQ6p3zu$bed875867a953d2ce7328c940a3a9d691dcc777b840309921a76c20b7eb5156c', 2025-12-09 12:38:09.742870),
('miguelfernan34@gmail.com', 'mggy', 'pbkdf2:sha256:600000$pTKu7GSBXaomsQHC$8ce3876972d13f327a8e8731782a737605330dd4f1688785ae43e25f07819ef2', 2025-12-09 12:38:40.527232),
('isabel.rodriguez@gmail.com', 'isa.garcia', 'pbkdf2:sha256:600000$YtL3GVaTsTBsyXbP$b0c11794094f8dc14bcf3782a3721e6e7047ee11bb4644c158c3af1a8a318325', 2025-12-09 12:39:11.915760),
('diegomrls6@gmail.com', 'diego_m', 'pbkdf2:sha256:600000$o9ZFCqiHWqYfPbFt$00c803871f642462a9752bea094fa3dd3f7b6375b767bee340a8758cf5137c7d', 2025-12-09 12:40:14.374126),
('torrescarmen3@gmail.com', 'carmen_torres', 'pbkdf2:sha256:600000$pWCTl71Ez98054z6$515d1324bd3be7f9bdf695961ff6c78d5133a966dbfa5f937e31bbadfc929f2d', 2025-12-09 12:40:51.860448),
('ricardo.flr@gmail.com', 'ric_flo', 'pbkdf2:sha256:600000$a325AwnhawDBF5iD$66e61ec7f4335c784ecaaa4f04a3cbcab40596af5df91aa6925bf2a28976683a', 2025-12-09 12:41:27.028700),
('ramirezlucia7@gmailcom', 'lucia_ram', 'pbkdf2:sha256:600000$N02mloG039uKyMoE$c25afc0dadae2829dccff396b525e997336ea600a142e1818f54272a7350e096', 2025-12-09 12:42:07.103435),
('fernancastro9@gmail.com', 'frnn_cas', 'pbkdf2:sha256:600000$b7DDMwD4QJV0Hc17$362e9bf001f34b678124ad55c41918ed982fa2221c2b8ba0dc8bff2f6e1cfbec', 2025-12-09 12:42:57.752893),
('gmzpatrica@gmail.com', 'gmz.pat', 'pbkdf2:sha256:600000$9OcBQ7YCmLnctBsU$1f0752e0ff56e2d4e734a2afc9847231991b689618cd5f6f808c5e9f4f027bb4', 2025-12-09 12:43:36.544849),
('rbrtosilva1@gmail.com', 'rbrtooo', 'pbkdf2:sha256:600000$9XImxe5er68Szj9r$3ab3b90d8687758698a00ec6a820604a547bb108d65901df5a9f045d053e12df', 2025-12-09 12:44:03.567595),
('elena.vargas6@gmail.com', 'elenav', 'pbkdf2:sha256:600000$oV2snNRB8HGAZMba$8aab459e8761421ad451868084a8823847a6768c9acbb869b4966c6de70817f7', 2025-12-09 12:44:36.375223),
('xaviermndz0@gmail.com', 'Xavier', 'pbkdf2:sha256:600000$2QatpVCJfx1OnyxS$a5def9a4fa4fc7f3ee99851efbde37a2431d94c93dd8cd1d0639937b3b4f9f86', 2025-12-09 12:45:48.223464),
('andrea0rtiz@gmail.com', 'andreaortiz', 'pbkdf2:sha256:600000$X3ij8dpKVFwglu34$36723f5487fdf9de2de22cd5a55115cdc5d55872f43c5a7eb4cd949da33b84a3', 2025-12-09 12:46:27.763934),
('antonio3cruz@gmail.com', 'Antonio', 'pbkdf2:sha256:600000$5GPf51PJFxqdk9D2$4f295624e450d2956efe3e59dbf4fefaca210e19023e2558269b482c0fae3cf8', 2025-12-09 12:46:55.357107),
('rosajimenez4@gmail.com', 'Rosa J.', 'pbkdf2:sha256:600000$Rmx7RYcZqVO5So0P$1255b0b4075fd752f28dcc9a8f88fab9cbb25b05a0c12d128e2e5a7180043a7f', 2025-12-09 12:47:33.295843);

-- PRODUCT TABLE --
INSERT INTO product (product_name, current_price, previous_price, in_stock, product_picture, flash_sale, date_added) VALUES 
('Fresh Tuna (1kg)', 450, 500, 25, './media/tuna.jpg', 1, 2025-12-09 11:36:35.617528),
('Salmon Fillet (500g)', 380, 380, 40, './media/salmon.jpg', 0, 2025-12-09 11:58:10.700196),
('Prawns Large (1kg)', 650, 750, 15, './media/prawns.jpg', 1, 2025-12-09 11:59:25.301864),
('Fresh Squids (1kg)', 300, 280, 30, './media/squid.jpg', 0, 2025-12-09 12:00:15.859879),
('Galunggong', 180, 180, 50, './media/galunggong.jpg', 0, 2025-12-09 12:01:18.409538),
('Crab (1kg)', 550, 600, 12, './media/crab.jpg', 1, 2025-12-09 12:02:29.226667),
('Tilapia', 190, 200, 60, './media/tilapia.jpg', 1, 2025-12-09 12:04:12.948351),
('Bangus', 215, 220, 45, './media/bangus.jpg', 1, 2025-12-09 12:04:50.961496),
('Mussels (1kg)', 200, 220, 80, './media/suso.webp', 0, 2025-12-09 12:05:52.079679),
('Oysters (dozens)', 250, 280, 35, './media/oyster.jpg', 1, 2025-12-09 12:06:43.457127),
('Shrimp Medium (1 kg)', 500, 520, 28, './media/shrimp.jpg', 1, 2025-12-09 12:07:34.536773),
('Lapu-lapu (1kg)', 420, 450, 22, './media/lapu-lapu.avif', 1, 2025-12-09 12:14:21.883532),
('Fresh Clams (1kg)', 180, 200, 55, './media/clams.jpg', 1, 2025-12-09 12:15:09.506006),
('Pompano (1kg)', 390, 400, 32, './media/pomapno.jpg', 0, 2025-12-09 12:16:11.387329),
('Scallops (500g)', 465, 480, 20, './media/scallops.jpg', 1, 2025-12-09 12:16:49.352169),
('Fresh Seaweeds (500g)', 95, 110, 90, './media/seaweed.webp', 1, 2025-12-09 12:17:38.116518),
('Catfish (1kg)', 200, 210, 48, './media/catfish.jpg', 1, 2025-12-09 12:18:24.858258),
('Maya-maya (1kg)', 420, 420, 24, './media/maya-maya.webp', 0, 2025-12-09 12:19:19.839787),
('Sardines (1kg)', 140, 160, 65, './media/sardines.jpeg', 1, 2025-12-09 12:19:57.470705),
('Anchovies (500g)', 110, 120, 75, './media/anchovy.jpg', 1, 2025-12-09 12:20:43.930725);

-- ORDERS TABLE --
INSERT INTO orders (id, customer_id, total_price, payment_method, status, created_at, payment_reference, date_created) VALUES 
(17, 2, 550, 'COD', 'pending', NULL, 2025-12-09 13:19:30.660249),
(18, 4, 1350, 'COD', 'pending', NULL, 2025-12-09 13:27:49.564542),
(19, 10, 1300, 'COD', 'pending', NULL, 2025-12-09 13:28:43.347837),
(20, 7, 95, 'GCash', 'pending', NULL, 2025-12-09 13:29:28.478504),
(21, 14, 180, 'COD', 'pending', NULL, 2025-12-09 13:30:01.558771),
(22, 9, 2485, 'COD', 'pending', NULL, 2025-12-09 13:30:39.870535),
(23, 18, 640, 'COD', 'pending', NULL, 2025-12-09 13:32:21.698613),
(24, 15, 250, 'COD', 'pending', NULL, 2025-12-09 13:33:33.719061),
(25, 20, 570, 'COD', 'pending', NULL, 2025-12-09 13:34:09.735765),
(26, 16, 1900, 'GCash', 'pending', NULL, 2025-12-09 13:36:36.039798),
(27, 5, 550, 'COD', 'pending', NULL, 2025-12-09 13:37:01.227415),
(28, 3, 820, 'GCash', 'pending', 0, NULL, 2025-12-09 13:37:25.745543),
(29, 11, 200, 'COD', 'pending', NULL, 2025-12-09 13:37:49.783284),
(30, 12, 1500, 'COD', 'pending', NULL, 2025-12-09 13:38:15.680547),
(31, 13, 650, 'COD', 'pending', NULL, 2025-12-09 13:39:18.649112),
(32, 2, 1460, 'COD', 'pending', NULL, 2025-12-09 13:40:24.465737),
(33, 6, 250, 'GCash', 'pending', NULL, 2025-12-09 13:41:53.265938),
(34, 9, 180, 'COD', 'pending', NULL, 2025-12-09 13:43:59.872053),
(35, 5, 550, 'COD', 'pending', NULL, 2025-12-09 13:45:39.626301),
(36, 20, 95, 'COD', 'pending', NULL, 2025-12-09 13:47:11.140691);

-- ORDER_ITEMS TABLE --
INSERT INTO order_items (id, order_id, product_id, quantity, price_each) VALUES 
(15, 17, 5, 2, 180),
(16, 17, 7, 1, 190),
(17, 18, 1, 3, 450),
(18, 19, 3, 2, 650),
(19, 20, 16, 1, 95),
(20, 21, 5, 1, 180),
(21, 22, 8, 3, 215),
(22, 22, 11, 2, 500),
(23, 22, 12, 2, 420),
(24, 23, 11, 1, 500),
(25, 23, 19, 1, 140),
(26, 24, 10, 1, 250),
(27, 25, 16, 6, 95),
(28, 26, 2, 5, 380),
(29, 27, 6, 1, 550),
(30, 28, 17, 2, 200),
(31, 28, 18, 1, 420),
(32, 29, 9, 1, 200),
(33, 30, 11, 3, 500),
(34, 31, 3, 1, 650),
(35, 32, 1, 3, 450),
(36, 32, 20, 1, 110),
(37, 33, 10, 1, 250),
(38, 34, 5, 1, 180),
(39, 35, 6, 1, 550),
(40, 36, 16, 1, 95);

-- CART TABLE --
INSERT INTO cart (id, quantity, customer_link, product_link) VALUES 
(1, 2, 6, 9),
(2, 1, 9, 2),
(3, 4, 9, 15),
(4, 3, 5, 3),
(5, 1, 20, 7),
(6, 1, 2, 8),
(7, 2, 8, 1),
(8, 1, 8, 2),
(9, 4, 11, 3),
(10, 1, 17, 5),
(11, 3, 10, 7),
(12, 1, 4, 8),
(13, 2, 4, 18),
(14, 1, 4, 19),
(15, 3, 6, 12),
(16, 1, 15, 6),
(17, 1, 19, 5),
(18, 2, 9, 9),
(19, 2, 3, 8),
(20, 1, 7, 4),
(21, 1, 16, 2);
